id,ADDRESS_IN,MATCH_INDICATOR,MATCH_TYPE,ADDRESS_OUT,LONG_LAT,TIGER_EDGE,STREET_SIDE,FIPS_STATE,FIPS_COUNTY,CENSUS_TRACT,CENSUS_BLOCK
88,"1535 Milnor St,  Jacksonville, FL, 32206",Match,Exact,"1535 MILNOR ST, JACKSONVILLE, FL, 32206","-81.63875414597766,30.342297705476426",83899518.0,R,12.0,31.0,17400.0,2021.0
89,"1520 Sprinkle Dr,  Jacksonville, FL, 32211-5452",Match,Non_Exact,"1520 SPRINKLE DR, JACKSONVILLE, FL, 32211","-81.59233064994305,30.336588779250803",83960547.0,L,12.0,31.0,15400.0,1010.0
110,"7000 Powers Ave,  Jacksonville, FL, 32217-3398",Match,Non_Exact,"7000 POWERS AVE, JACKSONVILLE, FL, 32217","-81.6128897456345,30.24882526807272",610518975.0,L,12.0,31.0,16606.0,1000.0
111,"700 Seagate Ave,  Neptune Beach, FL, 32266-3505",Match,Non_Exact,"700 SEAGATE AVE, NEPTUNE BEACH, FL, 32266","-81.40182204301527,30.3076187264042",83922963.0,R,12.0,31.0,14001.0,3003.0
112,"590 Duval Station Rd,  Jacksonville, FL, 32218-1869",Match,Non_Exact,"590 DUVAL STATION RD, JACKSONVILLE, FL, 32218","-81.6122162068803,30.485515555847314",83961150.0,R,12.0,31.0,10204.0,2004.0
113,"4831 Greenland Rd,  Jacksonville, FL, 32258-1517",Match,Non_Exact,"4831 GREENLAND RD, JACKSONVILLE, FL, 32258","-81.58166477734193,30.161353569238145",83989649.0,R,12.0,31.0,16810.0,2000.0
114,"4412 Barnes Rd,  Jacksonville, FL, 32207-7469",Match,Non_Exact,"4412 BARNES RD S, JACKSONVILLE, FL, 32207","-81.60991551291033,30.27829099097187",83918795.0,R,12.0,31.0,16102.0,2000.0
115,"3816 N Main St,  Jacksonville, FL, 32206-1450",Match,Non_Exact,"3816 N MAIN ST, JACKSONVILLE, FL, 32206","-81.65348151584033,30.361881009466572",83898000.0,L,12.0,31.0,1300.0,3015.0
116,"3701 Winton Dr,  Jacksonville, FL, 32208-2998",Match,Non_Exact,"3701 WINTON DR, JACKSONVILLE, FL, 32208","-81.7071551610191,30.389420588004214",83891551.0,R,12.0,31.0,11300.0,2007.0
90,"1515 Florida Blvd,  Neptune Beach, FL, 32266-3121",Match,Non_Exact,"1515 FLORIDA BLVD, NEPTUNE BEACH, FL, 32266","-81.40986739407299,30.31587235569998",83907282.0,L,12.0,31.0,14002.0,1021.0
117,"3663 Raines Ave,  Jacksonville, FL, 32209-1999",Match,Non_Exact,"3663 RAINES AVE, JACKSONVILLE, FL, 32209","-81.7078926310794,30.381896394073408",83891866.0,R,12.0,31.0,11400.0,1006.0
91,"14799 Bartram Springs Pkwy,  Jacksonville, FL, 32258-6101",Match,Non_Exact,"14799 BARTRAM SPRINGS PKWY, JACKSONVILLE, FL, 32258","-81.49605429880916,30.108035940761283",650092025.0,L,12.0,31.0,14423.0,3034.0
118,"3239 Norman E Thagard Blvd,  Jacksonville, FL, 32254-1796",Match,Non_Exact,"3239 NORMAN E THAGARD BLVD, JACKSONVILLE, FL, 32254","-81.72427677462264,30.34392431715412",83970137.0,R,12.0,31.0,11800.0,1017.0
92,"13333 Lanier Rd,  Jacksonville, FL, 32226-1799",Match,Non_Exact,"13333 LANIER RD, JACKSONVILLE, FL, 32226","-81.58797477649915,30.47767354682702",83901396.0,R,12.0,31.0,10101.0,4005.0
119,"2750 John Prom Blvd,  Jacksonville, FL, 32246-3999",Match,Non_Exact,"2750 JOHN PROM BLVD, JACKSONVILLE, FL, 32246","-81.51608681309983,30.297498899986635",83968743.0,R,12.0,31.0,14312.0,1002.0
93,"13200 Chets Creek Blvd,  Jacksonville, FL, 32224-5234",Match,Non_Exact,"13200 CHETS CREEK BLVD, JACKSONVILLE, FL, 32224","-81.47041724602622,30.267679135722744",648730601.0,L,12.0,31.0,14420.0,2000.0
id,"Street, City, State, Zip",No_Match,,,,,,,,,
94,"12731 Abess Blvd,  Jacksonville, FL, 32225-5942",Match,Non_Exact,"12731 ABESS BLVD, JACKSONVILLE, FL, 32225","-81.47619442381387,30.321726819823766",83969907.0,R,12.0,31.0,14336.0,1005.0
95,"12555 Gillespie Ave,  Jacksonville, FL, 32218-3813",Match,Non_Exact,"12555 GILLESPIE AVE, JACKSONVILLE, FL, 32218","-81.62587111475568,30.460738756940202",83965301.0,R,12.0,31.0,10203.0,1001.0
96,"12230 Biscayne Blvd,  Jacksonville, FL, 32218-8616",Match,Non_Exact,"12230 BISCAYNE BLVD, JACKSONVILLE, FL, 32218","-81.66959128204678,30.45190772295132",640946916.0,L,12.0,31.0,10305.0,1001.0
97,"1201 Kernan Blvd N,  Jacksonville, FL, 32225-5003",Match,Non_Exact,"1201 KERNAN BLVD N, JACKSONVILLE, FL, 32225","-81.48972958949821,30.344137534671745",83950166.0,L,12.0,31.0,14335.0,3004.0
10,"6900 Altama Rd,  Jacksonville, FL, 32216-9104",Match,Non_Exact,"6900 ALTAMA RD, JACKSONVILLE, FL, 32216","-81.58544339779019,30.302724613721125",83919163.0,R,12.0,31.0,15804.0,1006.0
98,"1200 Hammond Blvd,  Jacksonville, FL, 32221-1439",Match,Non_Exact,"1200 HAMMOND BLVD, JACKSONVILLE, FL, 32221","-81.79807524570867,30.302095064621483",653191097.0,R,12.0,31.0,11905.0,3002.0
11,"6725 Hema Rd,  Jacksonville, FL, 32209-1424",Match,Non_Exact,"6725 HEMA RD, JACKSONVILLE, FL, 32209","-81.7264666132919,30.380705755680538",83949484.0,R,12.0,31.0,10700.0,2001.0
99,"11400 Sam Caruso Way,  Jacksonville, FL, 32221-1830",Match,Non_Exact,"11400 SAM CARUSO WAY, JACKSONVILLE, FL, 32221","-81.85152555360946,30.279882653270363",640965779.0,L,12.0,31.0,13733.0,2004.0
12,"6527 Merrill Rd,  Jacksonville, FL, 32277-3626",Match,Non_Exact,"6527 MERRILL RD, JACKSONVILLE, FL, 32277","-81.58919023273597,30.351920247715896",83902912.0,L,12.0,31.0,14901.0,3015.0
13,"6127 Cedar Hills Blvd,  Jacksonville, FL, 32210-5199",Match,Non_Exact,"6127 CEDAR HILLS BLVD, JACKSONVILLE, FL, 32210","-81.74157454951978,30.26724460837869",83910795.0,R,12.0,31.0,12500.0,4001.0
14,"600 Baisden Rd,  Jacksonville, FL, 32218-4299",Match,Non_Exact,"600 BAISDEN RD, JACKSONVILLE, FL, 32218","-81.62792699207466,30.439593618275467",83891327.0,R,12.0,31.0,10202.0,2016.0
15,"555 Wonderwood Dr,  Atlantic Beach, FL, 32233-4699",Match,Non_Exact,"555 WONDERWOOD DR, ATLANTIC BEACH, FL, 32233","-81.40969265244559,30.371147049037802",83906631.0,R,12.0,31.0,13906.0,3000.0
16,"4827 Carlisle Rd,  Jacksonville, FL, 32210-8164",Match,Non_Exact,"4827 CARLISLE RD, JACKSONVILLE, FL, 32210","-81.70361659883736,30.25932126586133",83967323.0,L,12.0,31.0,13000.0,2014.0
17,"4228 Dignan St,  Jacksonville, FL, 32254-4111",Match,Non_Exact,"4228 DIGNAN ST, JACKSONVILLE, FL, 32254","-81.72104570850132,30.3245627891489",83889426.0,L,12.0,31.0,12100.0,1019.0
18,"4010 Baltic St,  Jacksonville, FL, 32210-4300",Match,Non_Exact,"4010 BALTIC ST, JACKSONVILLE, FL, 32210","-81.7026794491133,30.275146184303424",83913790.0,R,12.0,31.0,2400.0,1026.0
19,"3977 Herschel St,  Jacksonville, FL, 32205-9267",Match,Non_Exact,"3977 HERSCHEL ST, JACKSONVILLE, FL, 32205","-81.71324126618606,30.292294864787777",83913385.0,R,12.0,31.0,2200.0,4022.0
120,"2445 San Diego Rd,  Jacksonville, FL, 32207-3630",Match,Non_Exact,"2445 SAN DIEGO RD, JACKSONVILLE, FL, 32207","-81.63906338507172,30.29993754251973",83915228.0,L,12.0,31.0,600.0,4004.0
121,"1700 Old Middleburg Rd N,  Jacksonville, FL, 32210-1232",Match,Non_Exact,"1700 OLD MIDDLEBURG RD N, JACKSONVILLE, FL, 32210","-81.76552007389364,30.29102658320386",83910131.0,R,12.0,31.0,12601.0,2004.0
1,"964 Saint Clair St,  Jacksonville, FL, 32254-3148",Match,Non_Exact,"964 ST CLAIR ST, JACKSONVILLE, FL, 32254","-81.71664827809377,30.335920165447533",83889080.0,L,12.0,31.0,2702.0,2006.0
122,"1200 S Mcduff Ave,  Jacksonville, FL, 32205-8098",No_Match,,,,,,,,,
2,"9430 Lem Turner Rd,  Jacksonville, FL, 32208-1598",Match,Non_Exact,"9430 LEM TURNER RD, JACKSONVILLE, FL, 32208","-81.68952684391093,30.411298501603937",83891621.0,L,12.0,31.0,11000.0,4015.0
123,"1149 W 13th St,  Jacksonville, FL, 32209-5699",Match,Non_Exact,"1149 W 13TH ST, JACKSONVILLE, FL, 32209","-81.67297912024031,30.35145871280389",83895802.0,R,12.0,31.0,1500.0,1009.0
3,"8801 Lake Placid Dr E,  Jacksonville, FL, 32208-6922",Match,Non_Exact,"8801 LAKE PLACID DR E, JACKSONVILLE, FL, 32208","-81.71105036795495,30.40092371106863",83891445.0,R,12.0,31.0,10900.0,2005.0
124,"8141 Lone Star Rd,  Jacksonville, FL, 32211-5145",Match,Non_Exact,"8141 LONE STAR RD, JACKSONVILLE, FL, 32211","-81.57036517422392,30.33770797107161",83970384.0,L,12.0,31.0,15001.0,3012.0
4,"840 Reynolds Ln,  Jacksonville, FL, 32254-2998",Match,Non_Exact,"840 REYNOLDS LN, JACKSONVILLE, FL, 32254","-81.73528203318557,30.334969762485002",83889099.0,L,12.0,31.0,11800.0,3060.0
125,"8050 Point Meadows Dr,  Jacksonville, FL, 32256-7011",Match,Non_Exact,"8050 POINT MEADOWS DR, JACKSONVILLE, FL, 32256","-81.51494086864807,30.225938085367204",653179396.0,R,12.0,31.0,14417.0,1009.0
5,"8257 Herlong Rd,  Jacksonville, FL, 32210-2323",Match,Non_Exact,"8257 HERLONG RD, JACKSONVILLE, FL, 32210","-81.78709505994522,30.284376550484353",647056141.0,R,12.0,31.0,12702.0,2003.0
126,"7050 Melvin Rd,  Jacksonville, FL, 32210-6830",Match,Non_Exact,"7050 MELVIN RD, JACKSONVILLE, FL, 32210","-81.76069788793188,30.255583973126477",83911997.0,L,12.0,31.0,12800.0,5016.0
6,"8233 Nevada St,  Jacksonville, FL, 32220-2651",Match,Non_Exact,"8233 NEVADA ST, JACKSONVILLE, FL, 32220","-81.7868260413403,30.324066541221555",83886930.0,R,12.0,31.0,11901.0,3024.0
127,"5100 Hood Rd,  Jacksonville, FL, 32257-1122",Match,Non_Exact,"5100 HOOD RD, JACKSONVILLE, FL, 32257","-81.58848226104635,30.190258216758764",627912917.0,R,12.0,31.0,16728.0,1000.0
7,"7800 Gregory Dr,  Jacksonville, FL, 32210-4685",Match,Non_Exact,"7800 GREGORY DR, JACKSONVILLE, FL, 32210","-81.77741337778906,30.262445963920356",83967215.0,R,12.0,31.0,12704.0,3005.0
128,"501 N Davis St,  Jacksonville, FL, 32202-4728",Match,Non_Exact,"501 N DAVIS ST, JACKSONVILLE, FL, 32202","-81.66799673668339,30.33200495421835",83897075.0,R,12.0,31.0,17200.0,2039.0
8,"7528 Hull St,  Jacksonville, FL, 32219-3415",Match,Non_Exact,"7528 HULL ST, JACKSONVILLE, FL, 32219","-81.73266895194939,30.38949031590539",83978701.0,L,12.0,31.0,10700.0,3058.0
129,"4815 Wesconnett Blvd,  Jacksonville, FL, 32210-7398",Match,Non_Exact,"4815 WESCONNETT BLVD, JACKSONVILLE, FL, 32210","-81.73986449125744,30.254286751400002",83967301.0,L,12.0,31.0,13403.0,1008.0
9,"7401 Old Kings Rd S,  Jacksonville, FL, 32217-3799",Match,Non_Exact,"7401 OLD KINGS RD S, JACKSONVILLE, FL, 32217","-81.61580016880043,30.24565160279883",610519974.0,L,12.0,31.0,16606.0,1000.0
20,"3925 Athore Dr,  Jacksonville, FL, 32277-2032",Match,Non_Exact,"3925 ATHORE DR, JACKSONVILLE, FL, 32277","-81.59454081956636,30.370504581041985",83902280.0,R,12.0,31.0,14702.0,1009.0
21,"3831 Forest Blvd,  Jacksonville, FL, 32246-6499",Match,Non_Exact,"3831 FOREST BLVD, JACKSONVILLE, FL, 32246","-81.54310095461688,30.277543769374574",647374914.0,L,12.0,31.0,14414.0,2000.0
22,"3723 Franklin St,  Jacksonville, FL, 32206-1599",Match,Non_Exact,"3723 FRANKLIN ST, JACKSONVILLE, FL, 32206","-81.63914104636763,30.36136629766895",83898304.0,R,12.0,31.0,200.0,2007.0
23,"3257 Lake Shore Blvd,  Jacksonville, FL, 32210-5345",Match,Non_Exact,"3257 LAKE SHORE BLVD, JACKSONVILLE, FL, 32210","-81.7233919031508,30.27106391493595",83967922.0,L,12.0,31.0,12400.0,2033.0
24,"298 Sherry Dr,  Atlantic Beach, FL, 32233-5238",Match,Non_Exact,"298 SHERRY DR, ATLANTIC BEACH, FL, 32233","-81.40031724716147,30.327684614926568",83970047.0,L,12.0,31.0,13906.0,1023.0
25,"2854 W 45th St,  Jacksonville, FL, 32209-2825",Match,Non_Exact,"2854 W 45TH ST, JACKSONVILLE, FL, 32209","-81.71085103851073,30.369634508438537",83891944.0,L,12.0,31.0,11600.0,2021.0
26,"2801 Herschel St,  Jacksonville, FL, 32205-8116",Match,Non_Exact,"2801 HERSCHEL ST, JACKSONVILLE, FL, 32205","-81.6953494545005,30.308326867406436",83913639.0,R,12.0,31.0,2102.0,1009.0
27,"2753 Shangri La Dr,  Atlantic Beach, FL, 32233-2999",Match,Non_Exact,"2753 SHANGRI LA DR, ATLANTIC BEACH, FL, 32233","-81.41916639364644,30.361776262077854",83906591.0,R,12.0,31.0,13904.0,3018.0
28,"2101 W Palm Ave,  Jacksonville, FL, 32254-1734",Match,Non_Exact,"2101 W PALM AVE, JACKSONVILLE, FL, 32254","-81.72920033409946,30.34352002418791",83888805.0,R,12.0,31.0,11800.0,1020.0
29,"1951 W 15th St,  Jacksonville, FL, 32209-4796",Match,Non_Exact,"1951 W 15TH ST, JACKSONVILLE, FL, 32209","-81.69118472684659,30.352731531730626",83956666.0,R,12.0,31.0,2801.0,1024.0
130,"3787 University Club Blvd,  Jacksonville, FL, 32277-1973",Match,Non_Exact,"3787 UNIVERSITY CLUB BLVD, JACKSONVILLE, FL, 32277","-81.59672669511679,30.36964265035391",83971002.0,R,12.0,31.0,14702.0,1009.0
131,"3610 Ribault Scenic Dr,  Jacksonville, FL, 32208-2997",Match,Non_Exact,"3610 RIBAULT SCENIC DR, JACKSONVILLE, FL, 32208","-81.71104502346299,30.391596460631035",83971655.0,L,12.0,31.0,11300.0,2007.0
132,"3276 Norman E Thagard Blvd,  Jacksonville, FL, 32254-1765",Match,Non_Exact,"3276 NORMAN E THAGARD BLVD, JACKSONVILLE, FL, 32254","-81.72479742480243,30.34381308431557",83970137.0,L,12.0,31.0,11800.0,1020.0
133,"2948 Knights Ln E,  Jacksonville, FL, 32216-5697",Match,Non_Exact,"2948 KNIGHTS LN E, JACKSONVILLE, FL, 32216","-81.59446655539642,30.272232377754676",83967440.0,R,12.0,31.0,16001.0,2009.0
134,"2710 Dupont Ave,  Jacksonville, FL, 32217-2635",Match,Non_Exact,"2710 DUPONT AVE, JACKSONVILLE, FL, 32217","-81.63340137255761,30.250832051703867",83916862.0,R,12.0,31.0,16500.0,4023.0
135,"2600 Mayport Rd,  Atlantic Beach, FL, 32233-2804",Match,Non_Exact,"2600 MAYPORT RD, ATLANTIC BEACH, FL, 32233","-81.42244550480558,30.363447221735612",651714378.0,L,12.0,31.0,13904.0,2000.0
136,"2519 Bayview Rd,  Jacksonville, FL, 32210-5399",Match,Non_Exact,"2519 BAYVIEW RD, JACKSONVILLE, FL, 32210","-81.72600331454612,30.27377595502179",83967920.0,L,12.0,31.0,12400.0,2048.0
137,"2271 Kernan Blvd S,  Jacksonville, FL, 32276-4073",Match,Non_Exact,"2271 KERNAN BLVD S, JACKSONVILLE, FL, 32246","-81.48891335943784,30.30344543267978",610493160.0,L,12.0,31.0,14339.0,1013.0
138,"2034 Hubbard St,  Jacksonville, FL, 32206-3728",Match,Non_Exact,"2034 HUBBARD ST, JACKSONVILLE, FL, 32206","-81.65214343410088,30.348832356914727",83898829.0,L,12.0,31.0,1200.0,1010.0
139,"2000 3rd St N,  Jacksonville Beach, FL, 32250-7430",Match,Non_Exact,"2000 3RD ST N, JACKSONVILLE BEACH, FL, 32250","-81.39556973872328,30.306784671780974",83923058.0,L,12.0,31.0,14103.0,1000.0
30,"1709 Lansdowne Dr,  Jacksonville, FL, 32211-5197",Match,Non_Exact,"1709 LANSDOWNE DR, JACKSONVILLE, FL, 32211","-81.57317542622064,30.34016833295476",83970380.0,R,12.0,31.0,15001.0,3011.0
31,"1400 Seabreeze Ave,  Jacksonville Beach, FL, 32250-3293",Match,Non_Exact,"1400 SEABREEZE AVE, JACKSONVILLE BEACH, FL, 32250","-81.4005984511333,30.270856777654558",83923741.0,L,12.0,31.0,14204.0,2004.0
32,"1201 University Blvd N,  Jacksonville, FL, 32211-8851",Match,Non_Exact,"1201 UNIVERSITY BLVD N, JACKSONVILLE, FL, 32211","-81.60300464098123,30.332430057405702",83970351.0,R,12.0,31.0,15400.0,2031.0
33,"10741 Pine Estates Rd E,  Jacksonville, FL, 32218-4699",Match,Non_Exact,"10741 E PINE ESTATES RD, JACKSONVILLE, FL, 32218","-81.68282601894867,30.431053485904783",83890496.0,R,12.0,31.0,10306.0,1001.0
34,"10450 Theresa Dr,  Jacksonville, FL, 32246-8746",Match,Non_Exact,"10450 THERESA DR, JACKSONVILLE, FL, 32246","-81.52915700996482,30.32005837565856",83969834.0,R,12.0,31.0,14311.0,1009.0
35,"10400 Lone Star Rd,  Jacksonville, FL, 32225-6797",Match,Non_Exact,"10400 LONE STAR RD, JACKSONVILLE, FL, 32225","-81.5314021834356,30.338298276870546",83905182.0,R,12.0,31.0,14603.0,3000.0
36,"1128 Barber St,  Jacksonville, FL, 32209-7199",Match,Non_Exact,"1128 BARBER ST, JACKSONVILLE, FL, 32209","-81.6890847989335,30.339843893014233",83927473.0,L,12.0,31.0,2802.0,3003.0
37,"5530 Firestone Rd,  Jacksonville, FL, 32244-1599",Match,Non_Exact,"5530 FIRESTONE RD, JACKSONVILLE, FL, 32244","-81.76458913945191,30.246594447363748",83966858.0,R,12.0,31.0,13523.0,1011.0
38,"1157 Golfair Blvd,  Jacksonville, FL, 32209-4037",Match,Non_Exact,"1157 GOLFAIR BLVD, JACKSONVILLE, FL, 32209","-81.6731898832524,30.364963000879584",83893237.0,R,12.0,31.0,1402.0,3004.0
39,"900 Acorn St,  Jacksonville, FL, 32209-7106",Match,Non_Exact,"900 ACORN ST, JACKSONVILLE, FL, 32209","-81.6851920657291,30.337674359268306",83895495.0,L,12.0,31.0,2802.0,3029.0
140,"1819 Thacker Ave,  Jacksonville, FL, 32207-3397",Match,Non_Exact,"1819 THACKER AVE, JACKSONVILLE, FL, 32207","-81.65329799022703,30.30750169395526",83914830.0,L,12.0,31.0,700.0,1002.0
141,"143 Oceanway Ave,  Jacksonville, FL, 32218-2615",Match,Non_Exact,"143 OCEANWAY AVE, JACKSONVILLE, FL, 32218","-81.6296264962553,30.466571087617297",83890906.0,L,12.0,31.0,10204.0,1008.0
142,"1424 Franklin St,  Jacksonville, FL, 32206-4899",No_Match,,,,,,,,,
143,"10913 Pine Estates Rd E,  Jacksonville, FL, 32218-4634",Match,Non_Exact,"10913 E PINE ESTATES RD, JACKSONVILLE, FL, 32218","-81.6828574899153,30.43384439349495",83890402.0,R,12.0,31.0,10306.0,1001.0
144,"101 Kernan Blvd N,  Jacksonville, FL, 32225-5302",Match,Non_Exact,"101 KERNAN BLVD N, JACKSONVILLE, FL, 32225","-81.4894865014358,30.331996456006664",629624249.0,L,12.0,31.0,14336.0,3000.0
145,"9238 103rd St,  Jacksonville, FL, 32210-8610",Match,Non_Exact,"9238 103RD ST, JACKSONVILLE, FL, 32210","-81.80913603024504,30.247694968290773",83936528.0,R,12.0,31.0,13723.0,1003.0
146,"9143 Phillips Hwy Ste. 590,  Jacksonville, FL, 32256-1381",Match,Non_Exact,"9143 PHILIPS HWY, JACKSONVILLE, FL, 32256","-81.57293855972756,30.200633704097754",636331451.0,L,12.0,31.0,16725.0,1001.0
147,"8985 Lone Star Rd,  Jacksonville, FL, 32211",Match,Exact,"8985 LONE STAR RD, JACKSONVILLE, FL, 32211","-81.55939497118203,30.337957338890817",83904830.0,L,12.0,31.0,15001.0,1002.0
148,"8680 Ac Skinner Pkwy,  Jacksonville, FL, 32256",No_Match,,,,,,,,,
149,"8313 Baycenter Rd,  Jacksonville, FL, 32256-7415",Match,Non_Exact,"8313 BAYCENTER RD, JACKSONVILLE, FL, 32256","-81.58842870204154,30.227131676646195",83920135.0,L,12.0,31.0,16605.0,2007.0
40,"7840 Burma Rd,  Jacksonville, FL, 32221-6198",Match,Non_Exact,"7840 BURMA RD, JACKSONVILLE, FL, 32221","-81.77970015999477,30.30890501147678",83932271.0,L,12.0,31.0,12000.0,3021.0
41,"7000 Powers Ave,  Jacksonville, FL, 32217-3398",Match,Non_Exact,"7000 POWERS AVE, JACKSONVILLE, FL, 32217","-81.6128897456345,30.24882526807272",610518975.0,L,12.0,31.0,16606.0,1000.0
42,"5270 Connie Jean Rd,  Jacksonville, FL, 32210",Match,Exact,"5270 CONNIE JEAN RD, JACKSONVILLE, FL, 32210","-81.82359824463339,30.24862985533622",83973566.0,R,12.0,31.0,13732.0,2005.0
43,"291 Mill St W,  Baldwin, FL, 32234-1307",Match,Non_Exact,"291 MILL ST W, BALDWIN, FL, 32234","-81.97915947150716,30.303703106983676",83931080.0,R,12.0,31.0,17300.0,4025.0
44,"1701 N Davis St,  Jacksonville, FL, 32209-6518",Match,Non_Exact,"1701 N DAVIS ST, JACKSONVILLE, FL, 32209","-81.66698879647993,30.34540633750379",83896223.0,R,12.0,31.0,1600.0,1010.0
45,"1137 Cleveland St,  Jacksonville, FL, 32209-6414",Match,Non_Exact,"1137 CLEVELAND ST, JACKSONVILLE, FL, 32209","-81.67089817056313,30.33892643555083",83896162.0,R,12.0,31.0,1600.0,2025.0
46,"9775 Ivey Rd,  Jacksonville, FL, 32246-3419",Match,Non_Exact,"9775 IVEY RD, JACKSONVILLE, FL, 32246","-81.55544752656414,30.300261540000122",83968693.0,L,12.0,31.0,14500.0,3001.0
47,"9353 Staples Mill Dr,  Jacksonville, FL, 32244-6318",No_Match,,,,,,,,,
48,"8085 Old Middleburg Rd S,  Jacksonville, FL, 32222-1819",Match,Non_Exact,"8085 OLD MIDDLEBURG RD S, JACKSONVILLE, FL, 32222","-81.82254357543877,30.198600205488617",650051607.0,L,12.0,31.0,13728.0,2003.0
49,"801 18th Ave N,  Jacksonville Beach, FL, 32250-4898",Match,Non_Exact,"801 18TH AVE N, JACKSONVILLE BEACH, FL, 32250","-81.400409948647,30.305085804488613",83923040.0,R,12.0,31.0,14103.0,1000.0
150,"7565 Beach Blvd,  Jacksonville, FL, 32216-3003",Match,Non_Exact,"7565 BEACH BLVD, JACKSONVILLE, FL, 32216","-81.58098000890084,30.28886400079756",83968050.0,L,12.0,31.0,15804.0,2007.0
151,"7510 Baymeadows Way,  Jacksonville, FL, 32256-6818",Match,Non_Exact,"7510 BAY MEADOWS CIR, JACKSONVILLE, FL, 32256","-81.56356688915366,30.23527038955143",83967064.0,R,12.0,31.0,15926.0,2006.0
152,"6400 Atlantic Blvd,  Jacksonville, FL, 32211-8768",Match,Non_Exact,"6400 ATLANTIC BLVD, JACKSONVILLE, FL, 32211","-81.59321191154578,30.312529006025727",83903610.0,R,12.0,31.0,15804.0,1001.0
153,"5209 Shad Rd,  Jacksonville, FL, 32257-2005",Match,Non_Exact,"5209 SHAD RD, JACKSONVILLE, FL, 32257","-81.58143965274144,30.192058372582323",83966328.0,L,12.0,31.0,16730.0,2005.0
154,"4131 Sunbeam Rd,  Jacksonville, FL, 32257",Match,Exact,"4131 SUNBEAM RD, JACKSONVILLE, FL, 32257","-81.60903738820724,30.20586879695651",83966300.0,L,12.0,31.0,16724.0,2000.0
155,"4072 Sunbeam Rd,  Jacksonville, FL, 32257",Match,Exact,"4072 SUNBEAM RD, JACKSONVILLE, FL, 32257","-81.61036366878682,30.205738249396916",83966298.0,R,12.0,31.0,16731.0,2002.0
156,"2865 Mayport Rd,  Atlantic Beach, FL, 32233-6630",Match,Non_Exact,"2865 MAYPORT RD, ATLANTIC BEACH, FL, 32233","-81.4109797693614,30.368364556101994",83971245.0,R,12.0,31.0,13906.0,3002.0
157,"2360 St Johns Bluff Rd S,  Jacksonville, FL, 32246",Match,Exact,"2360 SAINT JOHNS BLUFF RD S, JACKSONVILLE, FL, 32246","-81.5260445530314,30.307132223095095",629626209.0,R,12.0,31.0,14311.0,3000.0
158,"2043 Forest St,  Jacksonville, FL, 32204",Match,Exact,"2043 FOREST ST, JACKSONVILLE, FL, 32204","-81.68467657342495,30.32506861037723",83896439.0,R,12.0,31.0,2600.0,1053.0
159,"2002 San Pablo Road South,  Jacksonville, FL, 32224",Match,Non_Exact,"2002 SAN PABLO RD, JACKSONVILLE, FL, 32224","-81.44843368610321,30.315174590914125",629624422.0,L,12.0,31.0,14342.0,2002.0
50,"8000 Point Meadows Dr,  Jacksonville, FL, 32256-7011",Match,Non_Exact,"8000 POINT MEADOWS DR, JACKSONVILLE, FL, 32256","-81.51803899753287,30.232447707687186",625020562.0,R,12.0,31.0,14417.0,1009.0
51,"7750 Tempest St S,  Jacksonville, FL, 32244-1440",Match,Non_Exact,"7750 S TEMPEST ST, JACKSONVILLE, FL, 32244","-81.77657257515807,30.241835968706425",83966838.0,L,12.0,31.0,13504.0,1010.0
52,"7126 Civic Club Dr,  Jacksonville, FL, 32219-2004",Match,Non_Exact,"7126 CIVIC CLUB DR, JACKSONVILLE, FL, 32219","-81.76700990286554,30.426074275176404",83886247.0,L,12.0,31.0,10502.0,2031.0
53,"700 Orange Ave,  Baldwin, FL, 32234-1000",Match,Non_Exact,"700 ORANGE AVE, BALDWIN, FL, 32234","-81.98037299368173,30.308224431078884",83884764.0,L,12.0,31.0,17300.0,4002.0
54,"6736 Beach Blvd,  Jacksonville, FL, 32216-2881",Match,Non_Exact,"6736 BEACH BLVD, JACKSONVILLE, FL, 32216","-81.59079036744754,30.28996566568827",83968026.0,R,12.0,31.0,15924.0,1005.0
55,"6534 Ish Brant Rd,  Jacksonville, FL, 32210-7051",Match,Non_Exact,"6534 ISH BRANT RD, JACKSONVILLE, FL, 32210","-81.7508234762928,30.25910696392208",83967269.0,L,12.0,31.0,12900.0,2006.0
56,"6343 Knights Ln N,  Jacksonville, FL, 32216-5699",Match,Non_Exact,"6343 KNIGHTS LN N, JACKSONVILLE, FL, 32216","-81.59823559267727,30.27357518712256",83968036.0,L,12.0,31.0,16001.0,2007.0
57,"6305 Old Kings Rd,  Jacksonville, FL, 32254-1198",Match,Non_Exact,"6305 OLD KINGS RD, JACKSONVILLE, FL, 32254","-81.74750016178484,30.372650748483295",83971340.0,R,12.0,31.0,10601.0,2041.0
58,"6084 Morse Ave,  Jacksonville, FL, 32244-3730",Match,Non_Exact,"6084 MORSE AVE, JACKSONVILLE, FL, 32244","-81.73921383381713,30.226184971270413",83989388.0,L,12.0,31.0,13525.0,1011.0
59,"5805 Saint Augustine Rd,  Jacksonville, FL, 32207-8088",Match,Non_Exact,"5805 ST AUGUSTINE RD, JACKSONVILLE, FL, 32207","-81.629665735819,30.263680666590233",652503298.0,L,12.0,31.0,16300.0,2022.0
160,"1440 North Mcduff Ave,  Jacksonville, FL, 32254",Match,Exact,"1440 N MCDUFF AVE, JACKSONVILLE, FL, 32254","-81.70563873790724,30.342571469031896",83893542.0,L,12.0,31.0,2701.0,1026.0
161,"1440 Mcduff Ave N,  Jacksonville, FL, 32254-2035",Match,Non_Exact,"1440 N MCDUFF AVE, JACKSONVILLE, FL, 32254","-81.70563873790724,30.342571469031896",83893542.0,L,12.0,31.0,2701.0,1026.0
162,"12800 Beach Blvd,  Jacksonville, FL, 32224",Match,Non_Exact,"12800 BEACH BLVD, JACKSONVILLE, FL, 32246","-81.48861147474827,30.287268799258698",83922182.0,R,12.0,31.0,14419.0,3004.0
163,"12755 Flagler Center Blvd,  Jacksonville, FL, 32258-2610",Match,Non_Exact,"12755 FLAGLER CENTER BLVD, JACKSONVILLE, FL, 32258","-81.51755017862638,30.13822633257996",83962256.0,L,12.0,31.0,14423.0,1060.0
164,"10911 Old St Augustine Rd,  Jacksonville, FL, 32257-1155",Match,Non_Exact,"10911 OLD SAINT AUGUSTINE RD, JACKSONVILLE, FL, 32257","-81.60468678664779,30.176873999045654",83950585.0,L,12.0,31.0,16729.0,1000.0
165,"10850 Old St Augustine Road,  Jacksonville, FL, 32257",Match,Exact,"10850 OLD SAINT AUGUSTINE RD, JACKSONVILLE, FL, 32257","-81.6054313395407,30.178308644514743",83957335.0,R,12.0,31.0,16727.0,2001.0
166,"9570 Regency Square Blvd,  Jacksonville, FL, 32225",Match,Exact,"9570 REGENCY SQUARE BLVD, JACKSONVILLE, FL, 32225","-81.5479559858266,30.326200826323088",83969769.0,R,12.0,31.0,14604.0,1026.0
167,"7450 Beach Blvd,  Jacksonville, FL, 32216-3002",Match,Non_Exact,"7450 BEACH BLVD, JACKSONVILLE, FL, 32216","-81.5810320423717,30.288753926147024",83968050.0,R,12.0,31.0,15924.0,1002.0
168,"6079 Bagley Rd,  Jacksonville, FL, 32209",Match,Exact,"6079 BAGLEY RD, JACKSONVILLE, FL, 32209","-81.71993424685672,30.374208150015647",83888156.0,R,12.0,31.0,11400.0,2009.0
169,"5900 Fort Caroline Road,  Jacksonville, FL, 32277",Match,Exact,"5900 FORT CAROLINE RD, JACKSONVILLE, FL, 32277","-81.60144317556166,30.365202931189003",83902175.0,R,12.0,31.0,14800.0,3000.0
60,"5701 Silver Plz,  Jacksonville, FL, 32208-5299",Match,Non_Exact,"5701 SILVER PLZ, JACKSONVILLE, FL, 32208","-81.65581202279549,30.375153169585985",83897775.0,R,12.0,31.0,102.0,2018.0
61,"5540 Ramona Blvd,  Jacksonville, FL, 32205-4752",Match,Non_Exact,"5540 RAMONA BLVD, JACKSONVILLE, FL, 32205","-81.74234590783408,30.314052156190826",83953156.0,L,12.0,31.0,12100.0,1123.0
62,"5429 110th St,  Jacksonville, FL, 32244-2199",Match,Non_Exact,"5429 110TH ST, JACKSONVILLE, FL, 32244","-81.7232231414041,30.24111286504416",641018155.0,L,12.0,31.0,13402.0,1006.0
63,"5300 Park St,  Jacksonville, FL, 32205-7298",Match,Non_Exact,"5300 PARK ST, JACKSONVILLE, FL, 32205","-81.73640257957663,30.291884955850605",83911014.0,L,12.0,31.0,12201.0,2007.0
64,"5050 Greenland Rd,  Jacksonville, FL, 32258-1522",Match,Non_Exact,"5050 GREENLAND RD, JACKSONVILLE, FL, 32258","-81.57420038631165,30.161377877712482",641031988.0,L,12.0,31.0,16809.0,2003.0
65,"4763 Sutton Park Ct,  Jacksonville, FL, 32224-5289",Match,Non_Exact,"4763 SUTTON PARK CT, JACKSONVILLE, FL, 32224","-81.46223340104564,30.257557240191943",83961745.0,L,12.0,31.0,14422.0,2000.0
66,"4555 Craven Rd W,  Jacksonville, FL, 32257-5003",Match,Non_Exact,"4555 CRAVEN RD W, JACKSONVILLE, FL, 32257","-81.60881043686703,30.218696322733194",83919926.0,L,12.0,31.0,16724.0,1005.0
67,"450 Kernan Blvd N,  Jacksonville, FL, 32225-5300",Match,Non_Exact,"450 KERNAN BLVD N, JACKSONVILLE, FL, 32225","-81.48966155311183,30.33346857632631",83940462.0,R,12.0,31.0,14328.0,2000.0
68,"4359 Spring Park Rd,  Jacksonville, FL, 32207-6957",Match,Non_Exact,"4359 SPRING PARK RD, JACKSONVILLE, FL, 32207","-81.6166946642847,30.27821775194849",83916629.0,L,12.0,31.0,16102.0,2000.0
69,"4346 Roanoke Blvd,  Jacksonville, FL, 32208-1160",Match,Non_Exact,"4346 ROANOKE BLVD, JACKSONVILLE, FL, 32208","-81.71663662907486,30.410854614460163",83887771.0,L,12.0,31.0,10800.0,1006.0
170,"4072 Sunbeam Rd,  Jacksonville, FL, 32257",Match,Exact,"4072 SUNBEAM RD, JACKSONVILLE, FL, 32257","-81.61036366878682,30.205738249396916",83966298.0,R,12.0,31.0,16731.0,2002.0
171,"2100 Dunn Ave,  Jacksonville, FL, 32218",Match,Exact,"2100 DUNN AVE, JACKSONVILLE, FL, 32218","-81.67883303890312,30.43895294397521",83939370.0,L,12.0,31.0,10306.0,1001.0
172,"1429 Broward Rd,  Jacksonville, FL, 32218",Match,Exact,"1429 BROWARD RD, JACKSONVILLE, FL, 32218","-81.66382385649842,30.41559399069689",83890695.0,R,12.0,31.0,10402.0,2012.0
173,"13720 Mccormick Rd,  Jacksonville, FL, 32225",Match,Exact,"13720 MCCORMICK RD, JACKSONVILLE, FL, 32225","-81.48734864116159,30.3594225007036",629624071.0,R,12.0,31.0,14335.0,2006.0
174,"1176 Labelle St,  Jacksonville, FL, 32205-6487",Match,Non_Exact,"1176 LABELLE ST, JACKSONVILLE, FL, 32205","-81.73204787837363,30.305017087703504",83964288.0,R,12.0,31.0,12202.0,1016.0
175,"7510 Baymeadows Way,  Jacksonville, FL, 32256-6818",Match,Non_Exact,"7510 BAY MEADOWS CIR, JACKSONVILLE, FL, 32256","-81.56356688915366,30.23527038955143",83967064.0,R,12.0,31.0,15926.0,2006.0
176,"13520 Fscj Cecil Drive,  Jacksonville, FL, 32221",No_Match,,,,,,,,,
177,"1252 Fromage Way,  Jacksonville, FL, 32225",Match,Exact,"1252 FROMAGE WAY, JACKSONVILLE, FL, 32225","-81.53475823950339,30.341554596542778",83970420.0,L,12.0,31.0,14603.0,4002.0
178,"7000 103rd Street,  Jacksonville, FL, 32210",Match,Exact,"7000 103RD ST, JACKSONVILLE, FL, 32210","-81.76024354486213,30.248288966722725",83966862.0,L,12.0,31.0,13525.0,2009.0
179,"6974 Wilson Blvd,  Jacksonville, FL, 32210-3663",Match,Non_Exact,"6974 WILSON BLVD, JACKSONVILLE, FL, 32210","-81.75977419141327,30.26994484509612",83910487.0,L,12.0,31.0,12800.0,5000.0
70,"4300 Timuquana Rd,  Jacksonville, FL, 32210-8538",Match,Non_Exact,"4300 TIMUQUANA PL, JACKSONVILLE, FL, 32210","-81.68879059634196,30.247760753031628",83914618.0,R,12.0,31.0,13100.0,2003.0
71,"3929 Grant Rd,  Jacksonville, FL, 32207-6628",Match,Non_Exact,"3929 GRANT RD, JACKSONVILLE, FL, 32207","-81.63837970835738,30.28158928691505",83915602.0,L,12.0,31.0,16300.0,2000.0
72,"3900 Loretto Rd,  Jacksonville, FL, 32223-2098",Match,Non_Exact,"3900 LORETTO RD, JACKSONVILLE, FL, 32223","-81.60741309689752,30.159381570157336",83965649.0,R,12.0,31.0,16803.0,3007.0
73,"3800 Crown Point Rd,  Jacksonville, FL, 32257-6066",Match,Non_Exact,"3800 CROWN POINT RD, JACKSONVILLE, FL, 32257","-81.6159041857826,30.19452673263129",635334061.0,R,12.0,31.0,16726.0,2003.0
74,"3613 New Berlin Rd,  Jacksonville, FL, 32226-1837",Match,Non_Exact,"3613 NEW BERLIN RD, JACKSONVILLE, FL, 32226","-81.56484066611705,30.462972131858635",650588755.0,L,12.0,31.0,10106.0,3000.0
75,"3501 Winton Dr,  Jacksonville, FL, 32208-6301",Match,Non_Exact,"3501 WINTON DR, JACKSONVILLE, FL, 32208","-81.70504276328381,30.390769550402922",83891551.0,R,12.0,31.0,11300.0,2007.0
76,"3400 Hendricks Ave,  Jacksonville, FL, 32207-5384",Match,Non_Exact,"3400 HENDRICKS AVE, JACKSONVILLE, FL, 32207","-81.64882711157202,30.290485333601907",83967956.0,R,12.0,31.0,700.0,2011.0
77,"3385 Hartsfield Rd,  Jacksonville, FL, 32277-0917",Match,Non_Exact,"3385 HARTSFIELD RD, JACKSONVILLE, FL, 32277","-81.5607730421114,30.361231718385795",650606793.0,R,12.0,31.0,14902.0,4000.0
78,"328 Bowlan St N,  Jacksonville, FL, 32211-9605",Match,Non_Exact,"328 N BOWLAN ST, JACKSONVILLE, FL, 32211","-81.56973266669536,30.32147342888925",83939022.0,L,12.0,31.0,15502.0,2011.0
79,"315 10th St S,  Jacksonville Beach, FL, 32250-3334",Match,Non_Exact,"315 10TH ST S, JACKSONVILLE BEACH, FL, 32250","-81.39881884790532,30.283987619295033",83923627.0,L,12.0,31.0,14204.0,1015.0
180,"2100 Dunn Ave,  Jacksonville, FL, 32218",Match,Exact,"2100 DUNN AVE, JACKSONVILLE, FL, 32218","-81.67883303890312,30.43895294397521",83939370.0,L,12.0,31.0,10306.0,1001.0
181,"100 Scholars Way,  Jacksonville, FL, 32216",No_Match,,,,,,,,,
100,"11160 General Ave,  Jacksonville, FL, 32220-2118",Match,Non_Exact,"11160 GENERAL AVE, JACKSONVILLE, FL, 32220","-81.84803019231873,30.312498631512824",83968892.0,L,12.0,31.0,11901.0,4013.0
101,"1090 Dancy St,  Jacksonville, FL, 32205-5289",Match,Non_Exact,"1090 DANCY ST, JACKSONVILLE, FL, 32205","-81.7195503993496,30.3074234436786",83911193.0,R,12.0,31.0,2502.0,3020.0
102,"10600 Hornets Nest Rd,  Jacksonville, FL, 32257-1210",Match,Non_Exact,"10600 HORNETS NEST RD, JACKSONVILLE, FL, 32257","-81.5867120735216,30.18430590923424",83965977.0,R,12.0,31.0,16728.0,1000.0
103,"101 W 12th St,  Jacksonville, FL, 32206-3622",Match,Non_Exact,"101 W 12TH ST, JACKSONVILLE, FL, 32206","-81.65538059312695,30.350850138073213",83898781.0,R,12.0,31.0,1200.0,2001.0
104,"1000 Depaul Dr,  Jacksonville, FL, 32218-5411",Match,Non_Exact,"1000 DEPAUL DR, JACKSONVILLE, FL, 32218","-81.66300301378794,30.42397785501805",83891103.0,L,12.0,31.0,10402.0,2012.0
105,"8239 Merrill Rd,  Jacksonville, FL, 32277-2999",Match,Non_Exact,"8239 MERRILL RD, JACKSONVILLE, FL, 32277","-81.5598203789167,30.352393931232484",633636154.0,L,12.0,31.0,14902.0,4008.0
106,"2056 Lane Ave S,  Jacksonville, FL, 32210-2797",Match,Non_Exact,"2056 LANE AVE S, JACKSONVILLE, FL, 32210","-81.75528456671634,30.280298903860057",83910444.0,R,12.0,31.0,12602.0,1022.0
80,"2814 Dunn Ave,  Jacksonville, FL, 32218-4661",Match,Non_Exact,"2814 DUNN AVE, JACKSONVILLE, FL, 32218","-81.69318803312103,30.438708761068426",83972072.0,L,12.0,31.0,10306.0,1005.0
107,"9735 R G Skinner Pkwy,  Jacksonville, FL, 32256-3979",Match,Non_Exact,"9735 R G SKINNER PKWY, JACKSONVILLE, FL, 32256","-81.51225958654868,30.205446158536972",650064630.0,L,12.0,31.0,14424.0,3000.0
81,"2555 Gilmore St,  Jacksonville, FL, 32204-3413",Match,Non_Exact,"2555 GILMORE ST, JACKSONVILLE, FL, 32204","-81.69154862918515,30.31846274081937",83895021.0,R,12.0,31.0,17101.0,4005.0
108,"7450 Wilson Blvd,  Jacksonville, FL, 32210-3523",Match,Non_Exact,"7450 WILSON BLVD, JACKSONVILLE, FL, 32210","-81.77028359566293,30.269749229915362",83967216.0,L,12.0,31.0,12800.0,4002.0
82,"2446 University Blvd S,  Jacksonville, FL, 32216-2547",Match,Non_Exact,"2446 UNIVERSITY BLVD S, JACKSONVILLE, FL, 32216","-81.60134706475526,30.300765591118306",633636105.0,R,12.0,31.0,15702.0,3009.0
109,"7301 Parker School Rd,  Jacksonville, FL, 32211-5198",Match,Non_Exact,"7301 PARKER SCHOOL RD, JACKSONVILLE, FL, 32211","-81.57705193195864,30.342218358434934",83970372.0,L,12.0,31.0,15001.0,3007.0
83,"2281 Kernan Blvd S,  Jacksonville, FL, 32246-1186",Match,Non_Exact,"2281 KERNAN BLVD S, JACKSONVILLE, FL, 32246","-81.48890437009089,30.303031921961974",610493160.0,L,12.0,31.0,14339.0,1013.0
84,"2250 Spring Park Rd,  Jacksonville, FL, 32207-3638",Match,Non_Exact,"2250 SPRING PARK RD, JACKSONVILLE, FL, 32207","-81.63453098419632,30.302571555143174",83968486.0,R,12.0,31.0,600.0,4004.0
85,"2100 W 45th St,  Jacksonville, FL, 32209-3099",No_Match,,,,,,,,,
86,"2051 San Pablo Rd S,  Jacksonville, FL, 32224-1031",Match,Non_Exact,"2051 SAN PABLO RD, JACKSONVILLE, FL, 32224","-81.44809770009209,30.314641284623804",629624422.0,R,12.0,31.0,14341.0,1004.0
87,"1925 W 13th St,  Jacksonville, FL, 32209-4795",Match,Non_Exact,"1925 W 13TH ST, JACKSONVILLE, FL, 32209","-81.68970942062492,30.35135544978607",83893850.0,R,12.0,31.0,2801.0,1011.0
